"PointID","x","y","Density","X-Momentum","Y-Momentum","Energy"
0, 3.1, 3.2, 3.3, 3.4, 3.5, 3.6
1, 4.1, 4.2, 4.3, 4.4, 4.5, 4.6 
2, 5.1, 5.2, 5.3, 5.4, 5.5, 5.6
EXT_ITER=,1
AOA=,1.500000000000000e+01
SIDESLIP_ANGLE=,0.000000000000000e+00
INITIAL_BCTHRUST=,4.000000000000000e+03
DCD_DCL_VALUE=,0.000000000000000e+00
DCMX_DCL_VALUE=,0.000000000000000e+00
DCMY_DCL_VALUE=,0.000000000000000e+00
DCMZ_DCL_VALUE=,0.000000000000000e+00
