"PointID","x","y","Density","X-Momentum","Y-Momentum","Energy"
0, 6.1, 6.2, 6.3, 6.4, 6.5, 6.6
1, 7.1, 7.2, 7.3, 7.4, 7.5, 7.6 
2, 8.1, 8.2, 8.3, 8.4, 8.5, 8.6
EXT_ITER=,1
AOA=,1.500000000000000e+01
SIDESLIP_ANGLE=,0.000000000000000e+00
INITIAL_BCTHRUST=,4.000000000000000e+03
DCD_DCL_VALUE=,0.000000000000000e+00
DCMX_DCL_VALUE=,0.000000000000000e+00
DCMY_DCL_VALUE=,0.000000000000000e+00
DCMZ_DCL_VALUE=,0.000000000000000e+00
