"PointID","x","y","Density","X-Momentum","Y-Momentum","Energy"
0, 0.1, 0.2, 0.3, 0.4, 0.5, 0.6
1, 1.1, 1.2, 1.3, 1.4, 1.5, 1.6 
2, 2.1, 2.2, 2.3, 2.4, 2.5, 2.6
EXT_ITER=,1
AOA=,1.500000000000000e+01
SIDESLIP_ANGLE=,0.000000000000000e+00
INITIAL_BCTHRUST=,4.000000000000000e+03
DCD_DCL_VALUE=,0.000000000000000e+00
DCMX_DCL_VALUE=,0.000000000000000e+00
DCMY_DCL_VALUE=,0.000000000000000e+00
DCMZ_DCL_VALUE=,0.000000000000000e+00
